decade,Arch 0,Arch 1,Arch 2,Arch 3,Arch 4,Arch 5
1980s,0.14230576266240366,0.16011228346221135,0.17701003236488075,0.17618598712637484,0.16852155477318412,0.1758643796109453
1990s,0.15133402231003365,0.17165857987007413,0.18595174638155537,0.15985841782035146,0.1527138118134891,0.17848342180449628
2000s,0.15217469757799507,0.15789481233880126,0.18982063967652718,0.1670298937460174,0.14423191798785115,0.18884803867280797
2010s,0.14670892894753507,0.18178418138813626,0.1857564930809678,0.15857338144225153,0.14899239785291504,0.17818461728819432
2020s,0.13790787552083406,0.18215233206830084,0.18166023681888063,0.18885216089626644,0.1374357536841479,0.1719916410115701
